OD,CAMINHÃO,Tempo Médio do Ciclo,Número de Viagens,Produtividade (t/h),DF,UF,T_ef_min,Cap_ton,Produção total
23 FGS - 11 GRADE,CW-109,91.5,3,18.912373472775236,0.5893331539477099,0.8523475084798718,361.667984710979,38.0,114.0
23 FGS - 11 GRADE,CW-112,89.5,2,19.574344522042157,0.6467926493106706,0.5002418741101965,232.95799227734562,38.0,76.0
22 SER - 11 GRADE,CW-115,87.61904761904762,5,15.97388276621843,0.9645036259647249,0.6490611912926423,450.73574818181095,24.0,120.0
22 SER - 11 GRADE,CW-121,89.84,4,15.168742613504808,0.8757550372956358,0.6022235862382322,379.7282442429897,24.0,96.0
22 SER - 11 GRADE,JQ-CW-051,93.0,3,16.177127086033384,0.6400901383027526,0.6760137142558359,311.55099253385436,28.0,84.0
